{
  "da_dk": 0.23917194251833987,
  "en_us": 0.1540590405904059,
  "it_it": 0.14741131351869607,
  "de_de": 0.17080581241743725
}