{
  "baseline_wers": {
    "da_dk": 0.23917194251833987,
    "en_us": 0.1540590405904059,
    "it_it": 0.14741131351869607,
    "de_de": 0.17080581241743725
  },
  "layer_wers": {
    "da_dk": [
      18.43040900412019,
      0.28117777107828357,
      0.24535222590694403,
      0.26308913677017387,
      0.24424680936589288,
      0.23841824942216863,
      0.2418349914581449,
      0.23997588182092253,
      0.24364385488895587,
      0.24123203698120793,
      0.24138277560044216,
      0.2423876997286705,
      0.24289016179278464,
      0.24324188523766455,
      0.24434730177871572,
      0.25293940307506785,
      0.24972364586473722,
      0.24660838106722943,
      0.2635413526278766,
      0.26570193950356746,
      0.45322078183097175,
      0.2689679429203095,
      0.2953472012863029,
      0.29615114058888553,
      0.3376042608783037,
      0.3587579137775098,
      0.4764345291930459,
      0.3871470203999598,
      0.33278062506280776,
      0.44754296050648174,
      0.3793588584061903,
      3.3591096372223896
    ],
    "en_us": [
      20.47970479704797,
      0.16565629942013707,
      0.15629942013705853,
      0.16051660516605165,
      0.15537691091196626,
      0.15419082762256195,
      0.15458618871903004,
      0.1540590405904059,
      0.15524512387981024,
      0.15379546652609383,
      0.15577227200843438,
      0.15524512387981024,
      0.15432261465471797,
      0.15577227200843438,
      0.15445440168687402,
      0.1559040590405904,
      0.15524512387981024,
      0.15801265155508698,
      0.15827622561939905,
      0.15788086452293093,
      0.22087506589351608,
      0.1591987348444913,
      0.15537691091196626,
      0.15827622561939905,
      0.16091196626251977,
      0.16618344754876122,
      0.22667369530838166,
      0.16526093832366895,
      0.161702688455456,
      0.172772799156563,
      0.16407485503426464,
      1.4463626779124934
    ],
    "it_it": [
      18.573465963566633,
      0.1329098753595398,
      0.12703739213806328,
      0.13159156279961648,
      0.12979386385426653,
      0.1278763183125599,
      0.1289549376797699,
      0.1276366251198466,
      0.12919463087248323,
      0.12739693192713328,
      0.12811601150527324,
      0.12703739213806328,
      0.1469319271332694,
      0.13111217641418985,
      0.13039309683604985,
      0.12919463087248323,
      0.13063279002876318,
      0.12967401725790986,
      0.15304410354745926,
      0.1321907957813998,
      0.15556088207094917,
      0.13446788111217642,
      0.1293144774688399,
      0.13962128475551294,
      0.13554650047938638,
      0.15280441035474593,
      0.174856184084372,
      0.16311121764141898,
      0.14153883029721956,
      0.15639980824544583,
      0.15568072866730584,
      3.130992329817833
    ],
    "de_de": [
      20.528401585204755,
      0.1821664464993395,
      0.17424042272126816,
      0.17899603698811095,
      0.17040951122853368,
      0.17661822985468956,
      0.17173051519154559,
      0.17186261558784677,
      0.17661822985468956,
      0.17199471598414795,
      0.1737120211360634,
      0.17040951122853368,
      0.17067371202113607,
      0.17437252311756934,
      0.17503302509907528,
      0.17424042272126816,
      0.1749009247027741,
      0.17318361955085865,
      0.17582562747688243,
      0.1738441215323646,
      0.20752972258916777,
      0.17899603698811095,
      0.1797886393659181,
      0.18256274768824307,
      0.1845442536327609,
      0.20568031704095113,
      0.2250990752972259,
      0.21717305151915456,
      0.20396301188903568,
      0.21043593130779392,
      0.20568031704095113,
      4.315719947159842
    ]
  },
  "delta_wers": {
    "da_dk": [
      18.19123706160185,
      0.0420058285599437,
      0.0061802833886041575,
      0.023917194251834,
      0.005074866847553011,
      -0.0007536930961712374,
      0.0026630489398050405,
      0.0008039393025826569,
      0.004471912370616005,
      0.0020600944628680617,
      0.0022108330821022926,
      0.0032157572103306276,
      0.0037182192744447673,
      0.004069942719324676,
      0.00517535926037585,
      0.013767460556727978,
      0.01055170334639735,
      0.007436438548889562,
      0.02436941010953672,
      0.026529996985227594,
      0.21404883931263188,
      0.02979600040196964,
      0.056175258767963004,
      0.05697919807054566,
      0.09843231835996383,
      0.11958597125916995,
      0.23726258667470604,
      0.14797507788161993,
      0.09360868254446789,
      0.20837101798814187,
      0.14018691588785046,
      3.1199376947040496
    ],
    "en_us": [
      20.32564575645756,
      0.011597258829731172,
      0.0022403795466526266,
      0.006457564575645752,
      0.0013178703215603604,
      0.00013178703215604992,
      0.0005271481286241442,
      0.0,
      0.0011860832894043383,
      -0.0002635740643120721,
      0.0017132314180284824,
      0.0011860832894043383,
      0.0002635740643120721,
      0.0017132314180284824,
      0.000395361096468122,
      0.0018450184501845046,
      0.0011860832894043383,
      0.003953610964681081,
      0.004217185028993153,
      0.0038218239325250314,
      0.06681602530311018,
      0.005139694254085392,
      0.0013178703215603604,
      0.004217185028993153,
      0.006852925672113874,
      0.012124406958355316,
      0.07261465471797576,
      0.01120189773326305,
      0.0076436478650500905,
      0.01871375856615709,
      0.01001581444385874,
      1.2923036373220875
    ],
    "it_it": [
      18.426054650047938,
      -0.014501438159156277,
      -0.020373921380632792,
      -0.015819750719079595,
      -0.017617449664429546,
      -0.019534995206136163,
      -0.018456375838926176,
      -0.019774688398849466,
      -0.018216682646212845,
      -0.020014381591562797,
      -0.019295302013422833,
      -0.020373921380632792,
      -0.0004793863854266611,
      -0.01629913710450623,
      -0.01701821668264622,
      -0.018216682646212845,
      -0.01677852348993289,
      -0.01773729626078621,
      0.005632790028763185,
      -0.015220517737296269,
      0.0081495685522531,
      -0.012943432406519656,
      -0.01809683604985618,
      -0.007790028763183132,
      -0.011864813039309696,
      0.005393096836049854,
      0.027444870565675933,
      0.015699904122722902,
      -0.0058724832214765155,
      0.008988494726749757,
      0.008269415148609766,
      2.983581016299137
    ],
    "de_de": [
      20.357595772787317,
      0.011360634081902243,
      0.0034346103038309095,
      0.008190224570673699,
      -0.000396301188903575,
      0.005812417437252304,
      0.0009247027741083325,
      0.0010568031704095149,
      0.005812417437252304,
      0.0011889035667106973,
      0.002906208718626152,
      -0.000396301188903575,
      -0.00013210039630118242,
      0.003566710700132092,
      0.004227212681638032,
      0.0034346103038309095,
      0.004095112285336849,
      0.0023778071334213946,
      0.005019815059445182,
      0.0030383091149273345,
      0.03672391017173052,
      0.008190224570673699,
      0.008982826948480849,
      0.011756935270805818,
      0.013738441215323638,
      0.03487450462351388,
      0.05429326287978864,
      0.046367239101717306,
      0.033157199471598425,
      0.03963011889035667,
      0.03487450462351388,
      4.144914134742405
    ]
  }
}