{
  "zero_shot": {
    "da_dk": {
      "wer": 0.3799115666767159,
      "rel_delta": 0.5884453781512604
    },
    "en_us": {
      "wer": 0.16816025303110174,
      "rel_delta": 0.09153122326775026
    },
    "it_it": {
      "wer": 0.1365052732502397,
      "rel_delta": -0.07398373983739835
    },
    "de_de": {
      "wer": 0.18599735799207398,
      "rel_delta": 0.0889404485692189
    },
    "sv_se": {
      "wer": 0.23894211838823992,
      "rel_delta": 0.3729260935143287
    }
  },
  "steps": [
    {
      "step": 500,
      "wer": {
        "da_dk": {
          "wer": 0.2882122399758818,
          "rel_delta": 0.20504201680672257
        },
        "en_us": {
          "wer": 0.16526093832366895,
          "rel_delta": 0.07271171941830627
        },
        "it_it": {
          "wer": 0.13638542665388304,
          "rel_delta": -0.07479674796747968
        },
        "de_de": {
          "wer": 0.1856010568031704,
          "rel_delta": 0.08662026295436966
        },
        "sv_se": {
          "wer": 0.2065887911799449,
          "rel_delta": 0.18702865761689288
        }
      }
    },
    {
      "step": 1000,
      "wer": {
        "da_dk": {
          "wer": 0.28253441865139184,
          "rel_delta": 0.1813025210084034
        },
        "en_us": {
          "wer": 0.16209804955192408,
          "rel_delta": 0.052181351582549176
        },
        "it_it": {
          "wer": 0.13590604026845637,
          "rel_delta": -0.07804878048780492
        },
        "de_de": {
          "wer": 0.18494055482166447,
          "rel_delta": 0.08275328692962104
        },
        "sv_se": {
          "wer": 0.20389814936343353,
          "rel_delta": 0.17156862745098037
        }
      }
    },
    {
      "step": 1500,
      "wer": {
        "da_dk": {
          "wer": 0.2812782634911064,
          "rel_delta": 0.17605042016806713
        },
        "en_us": {
          "wer": 0.16262519768054823,
          "rel_delta": 0.05560307955517536
        },
        "it_it": {
          "wer": 0.13698465963566633,
          "rel_delta": -0.07073170731707329
        },
        "de_de": {
          "wer": 0.1833553500660502,
          "rel_delta": 0.07347254447022425
        },
        "sv_se": {
          "wer": 0.20166688541803388,
          "rel_delta": 0.15874811463046756
        }
      }
    },
    {
      "step": 2000,
      "wer": {
        "da_dk": {
          "wer": 0.27821324490001004,
          "rel_delta": 0.16323529411764698
        },
        "en_us": {
          "wer": 0.16328413284132842,
          "rel_delta": 0.059880239520958174
        },
        "it_it": {
          "wer": 0.13638542665388304,
          "rel_delta": -0.07479674796747968
        },
        "de_de": {
          "wer": 0.18256274768824307,
          "rel_delta": 0.06883217324052594
        },
        "sv_se": {
          "wer": 0.20153563459771623,
          "rel_delta": 0.1579939668174961
        }
      }
    }
  ],
  "final": {
    "da_dk": {
      "wer": 0.27821324490001004,
      "rel_delta": 0.16323529411764698
    },
    "en_us": {
      "wer": 0.16328413284132842,
      "rel_delta": 0.059880239520958174
    },
    "it_it": {
      "wer": 0.13638542665388304,
      "rel_delta": -0.07479674796747968
    },
    "de_de": {
      "wer": 0.18256274768824307,
      "rel_delta": 0.06883217324052594
    },
    "sv_se": {
      "wer": 0.2014043837773986,
      "rel_delta": 0.1572398190045248
    }
  }
}