{
  "zero_shot": {
    "da_dk": {
      "wer": 1.0,
      "rel_delta": 3.18109243697479
    },
    "en_us": {
      "wer": 1.0,
      "rel_delta": 5.491017964071856
    },
    "it_it": {
      "wer": 1.0,
      "rel_delta": 5.7837398373983735
    },
    "de_de": {
      "wer": 1.0564068692206077,
      "rel_delta": 5.184841453982986
    },
    "sv_se": {
      "wer": 1.0,
      "rel_delta": 4.745852187028657
    }
  },
  "steps": [
    {
      "step": 500,
      "wer": {
        "da_dk": {
          "wer": 0.9973871972666064,
          "rel_delta": 3.170168067226891
        },
        "en_us": {
          "wer": 0.9720611491829204,
          "rel_delta": 5.3096663815226695
        },
        "it_it": {
          "wer": 0.9910115052732502,
          "rel_delta": 5.722764227642276
        },
        "de_de": {
          "wer": 0.9986789960369881,
          "rel_delta": 4.846867749419953
        },
        "sv_se": {
          "wer": 0.9990812442577766,
          "rel_delta": 4.740573152337857
        }
      }
    },
    {
      "step": 1000,
      "wer": {
        "da_dk": {
          "wer": 1.3770475329112652,
          "rel_delta": 4.757563025210084
        },
        "en_us": {
          "wer": 1.0929098576700054,
          "rel_delta": 6.094097519247221
        },
        "it_it": {
          "wer": 1.053092042186002,
          "rel_delta": 6.14390243902439
        },
        "de_de": {
          "wer": 1.0550858652575958,
          "rel_delta": 5.177107501933489
        },
        "sv_se": {
          "wer": 1.255873474209214,
          "rel_delta": 6.21606334841629
        }
      }
    },
    {
      "step": 1500,
      "wer": {
        "da_dk": {
          "wer": 1.888252436941011,
          "rel_delta": 6.894957983193278
        },
        "en_us": {
          "wer": 0.7928307854507116,
          "rel_delta": 4.146278870829769
        },
        "it_it": {
          "wer": 1.151366251198466,
          "rel_delta": 6.810569105691056
        },
        "de_de": {
          "wer": 1.0927344782034345,
          "rel_delta": 5.397525135344161
        },
        "sv_se": {
          "wer": 1.737892111825699,
          "rel_delta": 8.985671191553543
        }
      }
    },
    {
      "step": 2000,
      "wer": {
        "da_dk": {
          "wer": 1.9731685257763039,
          "rel_delta": 7.25
        },
        "en_us": {
          "wer": 0.8364522930943595,
          "rel_delta": 4.429426860564585
        },
        "it_it": {
          "wer": 1.101510067114094,
          "rel_delta": 6.472357723577236
        },
        "de_de": {
          "wer": 1.0387054161162483,
          "rel_delta": 5.081206496519722
        },
        "sv_se": {
          "wer": 1.6399789998687493,
          "rel_delta": 8.423076923076923
        }
      }
    }
  ],
  "final": {
    "da_dk": {
      "wer": 0.9973871972666064,
      "rel_delta": 3.170168067226891
    },
    "en_us": {
      "wer": 0.9720611491829204,
      "rel_delta": 5.3096663815226695
    },
    "it_it": {
      "wer": 0.9910115052732502,
      "rel_delta": 5.722764227642276
    },
    "de_de": {
      "wer": 0.9986789960369881,
      "rel_delta": 4.846867749419953
    },
    "sv_se": {
      "wer": 0.9990812442577766,
      "rel_delta": 4.740573152337857
    }
  }
}