{
  "zero_shot": {
    "da_dk": {
      "wer": 2.8496633504170434,
      "rel_delta": 10.91470588235294
    },
    "en_us": {
      "wer": 2.2212704269899843,
      "rel_delta": 13.418306244653552
    },
    "it_it": {
      "wer": 0.45721476510067116,
      "rel_delta": 2.1016260162601625
    },
    "de_de": {
      "wer": 1.385336856010568,
      "rel_delta": 7.110595514307812
    },
    "sv_se": {
      "wer": 1.7176138600866255,
      "rel_delta": 8.869155354449472
    }
  },
  "steps": [
    {
      "step": 500,
      "wer": {
        "da_dk": {
          "wer": 2.27821324490001,
          "rel_delta": 8.525420168067226
        },
        "en_us": {
          "wer": 0.22561939905113337,
          "rel_delta": 0.4644995722840035
        },
        "it_it": {
          "wer": 0.16838446788111217,
          "rel_delta": 0.14227642276422753
        },
        "de_de": {
          "wer": 0.2380449141347424,
          "rel_delta": 0.3936581593194122
        },
        "sv_se": {
          "wer": 0.7238482740517128,
          "rel_delta": 3.1591251885369527
        }
      }
    },
    {
      "step": 1000,
      "wer": {
        "da_dk": {
          "wer": 1.6765149231233043,
          "rel_delta": 6.009663865546219
        },
        "en_us": {
          "wer": 0.1775171323141803,
          "rel_delta": 0.1522668947818649
        },
        "it_it": {
          "wer": 0.1561601150527325,
          "rel_delta": 0.05934959349593491
        },
        "de_de": {
          "wer": 0.22087186261558786,
          "rel_delta": 0.2931167826759475
        },
        "sv_se": {
          "wer": 0.46298726867042916,
          "rel_delta": 1.6602564102564097
        }
      }
    },
    {
      "step": 1500,
      "wer": {
        "da_dk": {
          "wer": 1.1947040498442367,
          "rel_delta": 3.9951680672268908
        },
        "en_us": {
          "wer": 0.1735635213494992,
          "rel_delta": 0.12660393498716854
        },
        "it_it": {
          "wer": 0.15304410354745926,
          "rel_delta": 0.03821138211382115
        },
        "de_de": {
          "wer": 0.2155878467635403,
          "rel_delta": 0.2621809744779582
        },
        "sv_se": {
          "wer": 0.3804305026906418,
          "rel_delta": 1.1858974358974357
        }
      }
    },
    {
      "step": 2000,
      "wer": {
        "da_dk": {
          "wer": 1.0270324590493418,
          "rel_delta": 3.294117647058824
        },
        "en_us": {
          "wer": 0.17395888244596733,
          "rel_delta": 0.12917023096663827
        },
        "it_it": {
          "wer": 0.1512464046021093,
          "rel_delta": 0.02601626016260164
        },
        "de_de": {
          "wer": 0.21241743725231177,
          "rel_delta": 0.2436194895591648
        },
        "sv_se": {
          "wer": 0.37032418952618457,
          "rel_delta": 1.1278280542986425
        }
      }
    }
  ],
  "final": {
    "da_dk": {
      "wer": 1.0192442970555724,
      "rel_delta": 3.26155462184874
    },
    "en_us": {
      "wer": 0.17409066947812335,
      "rel_delta": 0.1300256629597947
    },
    "it_it": {
      "wer": 0.1512464046021093,
      "rel_delta": 0.02601626016260164
    },
    "de_de": {
      "wer": 0.21241743725231177,
      "rel_delta": 0.2436194895591648
    },
    "sv_se": {
      "wer": 0.3703898149363434,
      "rel_delta": 1.1282051282051282
    }
  }
}