{
  "zero_shot": {
    "da_dk": {
      "wer": 1.182644960305497,
      "rel_delta": 3.944747899159664
    },
    "en_us": {
      "wer": 1.4489984185556142,
      "rel_delta": 8.405474764756203
    },
    "it_it": {
      "wer": 1.1476510067114094,
      "rel_delta": 6.785365853658536
    },
    "de_de": {
      "wer": 2.2977542932628796,
      "rel_delta": 12.45243619489559
    },
    "sv_se": {
      "wer": 1.7893424333902086,
      "rel_delta": 9.28129713423831
    }
  },
  "steps": [
    {
      "step": 500,
      "wer": {
        "da_dk": {
          "wer": 2.973269018189127,
          "rel_delta": 11.431512605042016
        },
        "en_us": {
          "wer": 0.7880864522930944,
          "rel_delta": 4.115483319076134
        },
        "it_it": {
          "wer": 2.6137344199424737,
          "rel_delta": 16.73089430894309
        },
        "de_de": {
          "wer": 2.2949801849405547,
          "rel_delta": 12.436194895591646
        },
        "sv_se": {
          "wer": 2.3318676991731198,
          "rel_delta": 12.398567119155352
        }
      }
    },
    {
      "step": 1000,
      "wer": {
        "da_dk": {
          "wer": 3.5136669681439052,
          "rel_delta": 13.69096638655462
        },
        "en_us": {
          "wer": 0.4799683711122826,
          "rel_delta": 2.1154833190761337
        },
        "it_it": {
          "wer": 2.8555848513902204,
          "rel_delta": 18.371544715447154
        },
        "de_de": {
          "wer": 3.369881109643329,
          "rel_delta": 18.729311678267592
        },
        "sv_se": {
          "wer": 2.90044625278908,
          "rel_delta": 15.665535444947208
        }
      }
    },
    {
      "step": 1500,
      "wer": {
        "da_dk": {
          "wer": 3.4606069741734498,
          "rel_delta": 13.469117647058821
        },
        "en_us": {
          "wer": 0.4754876120189773,
          "rel_delta": 2.086398631308811
        },
        "it_it": {
          "wer": 2.1731783317353788,
          "rel_delta": 13.742276422764226
        },
        "de_de": {
          "wer": 3.143196829590489,
          "rel_delta": 17.40216550657386
        },
        "sv_se": {
          "wer": 2.5283501771886074,
          "rel_delta": 13.527526395173453
        }
      }
    },
    {
      "step": 2000,
      "wer": {
        "da_dk": {
          "wer": 3.6668676514923124,
          "rel_delta": 14.331512605042017
        },
        "en_us": {
          "wer": 0.37045334739061675,
          "rel_delta": 1.4046193327630454
        },
        "it_it": {
          "wer": 1.3545062320230106,
          "rel_delta": 8.18861788617886
        },
        "de_de": {
          "wer": 2.6660501981505944,
          "rel_delta": 14.608662026295436
        },
        "sv_se": {
          "wer": 2.6225882661766637,
          "rel_delta": 14.069004524886877
        }
      }
    }
  ],
  "final": {
    "da_dk": {
      "wer": 3.6668676514923124,
      "rel_delta": 14.331512605042017
    },
    "en_us": {
      "wer": 0.37045334739061675,
      "rel_delta": 1.4046193327630454
    },
    "it_it": {
      "wer": 1.3545062320230106,
      "rel_delta": 8.18861788617886
    },
    "de_de": {
      "wer": 2.6660501981505944,
      "rel_delta": 14.608662026295436
    },
    "sv_se": {
      "wer": 2.6225882661766637,
      "rel_delta": 14.069004524886877
    }
  }
}