{
  "zero_shot": {
    "da_dk": {
      "wer": 0.3865440659230228,
      "rel_delta": 0.6161764705882353
    },
    "en_us": {
      "wer": 0.1676331049024776,
      "rel_delta": 0.08810949529512409
    },
    "it_it": {
      "wer": 0.13734419942473633,
      "rel_delta": -0.06829268292682936
    },
    "de_de": {
      "wer": 0.1879788639365918,
      "rel_delta": 0.10054137664346476
    },
    "sv_se": {
      "wer": 0.23953274707966926,
      "rel_delta": 0.37631975867269984
    }
  },
  "steps": [
    {
      "step": 500,
      "wer": {
        "da_dk": {
          "wer": 0.35117073660938597,
          "rel_delta": 0.46827731092436964
        },
        "en_us": {
          "wer": 0.17026884554559832,
          "rel_delta": 0.10521813515825498
        },
        "it_it": {
          "wer": 0.13806327900287632,
          "rel_delta": -0.06341463414634148
        },
        "de_de": {
          "wer": 0.18969616908850725,
          "rel_delta": 0.11059551430781123
        },
        "sv_se": {
          "wer": 0.22686704291901824,
          "rel_delta": 0.3035444947209652
        }
      }
    },
    {
      "step": 1000,
      "wer": {
        "da_dk": {
          "wer": 0.33996583257964025,
          "rel_delta": 0.42142857142857143
        },
        "en_us": {
          "wer": 0.17000527148128625,
          "rel_delta": 0.1035072711719419
        },
        "it_it": {
          "wer": 0.13626558005752637,
          "rel_delta": -0.07560975609756099
        },
        "de_de": {
          "wer": 0.19009247027741083,
          "rel_delta": 0.11291569992266046
        },
        "sv_se": {
          "wer": 0.22247014043837773,
          "rel_delta": 0.2782805429864252
        }
      }
    },
    {
      "step": 1500,
      "wer": {
        "da_dk": {
          "wer": 0.3313737312832881,
          "rel_delta": 0.3855042016806723
        },
        "en_us": {
          "wer": 0.17013705851344227,
          "rel_delta": 0.10436270316509835
        },
        "it_it": {
          "wer": 0.13698465963566633,
          "rel_delta": -0.07073170731707329
        },
        "de_de": {
          "wer": 0.1882430647291942,
          "rel_delta": 0.10208816705336429
        },
        "sv_se": {
          "wer": 0.2193201207507547,
          "rel_delta": 0.26018099547511303
        }
      }
    },
    {
      "step": 2000,
      "wer": {
        "da_dk": {
          "wer": 0.3205205506984223,
          "rel_delta": 0.3401260504201681
        },
        "en_us": {
          "wer": 0.17040063257775434,
          "rel_delta": 0.10607356715141145
        },
        "it_it": {
          "wer": 0.1368648130393097,
          "rel_delta": -0.07154471544715442
        },
        "de_de": {
          "wer": 0.1882430647291942,
          "rel_delta": 0.10208816705336429
        },
        "sv_se": {
          "wer": 0.21761386008662553,
          "rel_delta": 0.2503770739064855
        }
      }
    }
  ],
  "final": {
    "da_dk": {
      "wer": 0.3205707969048337,
      "rel_delta": 0.3403361344537815
    },
    "en_us": {
      "wer": 0.17040063257775434,
      "rel_delta": 0.10607356715141145
    },
    "it_it": {
      "wer": 0.1368648130393097,
      "rel_delta": -0.07154471544715442
    },
    "de_de": {
      "wer": 0.18837516512549538,
      "rel_delta": 0.10286156225831398
    },
    "sv_se": {
      "wer": 0.21767948549678434,
      "rel_delta": 0.2507541478129712
    }
  }
}