{
  "zero_shot": {
    "da_dk": {
      "wer": 1.8451914380464276,
      "rel_delta": 6.714915966386555
    },
    "en_us": {
      "wer": 1.444649446494465,
      "rel_delta": 8.377245508982037
    },
    "it_it": {
      "wer": 6.866610738255034,
      "rel_delta": 45.58130081300813
    },
    "de_de": {
      "wer": 7.3875825627476885,
      "rel_delta": 42.251353441608664
    },
    "sv_se": {
      "wer": 2.2226013912586953,
      "rel_delta": 11.770739064856711
    }
  },
  "steps": [
    {
      "step": 1000,
      "wer": {
        "da_dk": {
          "wer": 3.558335845643654,
          "rel_delta": 13.877731092436973
        },
        "en_us": {
          "wer": 0.8762519768054824,
          "rel_delta": 4.687767322497862
        },
        "it_it": {
          "wer": 1.9285714285714286,
          "rel_delta": 12.082926829268292
        },
        "de_de": {
          "wer": 1.858652575957728,
          "rel_delta": 9.881670533642692
        },
        "sv_se": {
          "wer": 3.501509384433653,
          "rel_delta": 19.11915535444947
        }
      }
    }
  ]
}