{
  "da_dk": {
    "cos_sim": [
      0.5603077260114379,
      0.9688786874383183,
      0.9820372664322288,
      0.9722158363309957,
      0.9902900134102773,
      0.9938828652187929,
      0.9945333731376519,
      0.9980372837034323,
      0.9979064626208807,
      0.9983386488284095,
      0.9976249923140316,
      0.9981702869221315,
      0.9980032211643154,
      0.9981342119685674,
      0.9972588662373818,
      0.9972893858360032,
      0.9978960681769807,
      0.9978870820190947,
      0.9973591141781565,
      0.9964072613392846,
      0.9906622949293105,
      0.9968169220423294,
      0.9967882522081924,
      0.9968602131989043,
      0.9968305411985365,
      0.9968305816084652,
      0.996673840587422,
      0.995942650204998,
      0.9933115567191172,
      0.9935872352729409,
      0.9883737372139753,
      0.9666965139114251
    ],
    "mse": [
      0.4052036889528824,
      0.013130691660157704,
      0.007548467603401612,
      0.011291271896433022,
      0.0038740074664543747,
      0.0024177421089577474,
      0.0021185120212514016,
      0.0008129038062672746,
      0.0009098367655049946,
      0.000681137042593653,
      0.0009792890316822518,
      0.0007592073594362049,
      0.0008052982048573509,
      0.000783026194736614,
      0.0010958544957309457,
      0.001129111807824949,
      0.0008770746664317735,
      0.0008727001781985795,
      0.0010638653588781165,
      0.0013304557039607633,
      0.7959640015990047,
      0.0011524829472872918,
      0.001170017681542342,
      0.0011144127988777423,
      0.001148075826260877,
      0.0011631176704382997,
      0.001192931892839655,
      0.0014200975064788076,
      0.002503988108108357,
      0.002528365310755069,
      0.004740055753075976,
      0.02285273887722169
    ],
    "outlier_frac": [
      0.0,
      0.0,
      0.0,
      0.0,
      0.0,
      0.0,
      0.0,
      0.00031779661490503,
      0.0007680084860204893,
      0.0007680084860204893,
      0.0007547669603994463,
      0.0007680084860204893,
      0.0007680084860204893,
      0.0007680084860204893,
      0.0007680084860204893,
      0.0007680084860204893,
      0.0007680084860204893,
      0.0007680084860204893,
      0.0022113348280426936,
      0.0023172670409036013,
      0.01808792349519366,
      0.017995232716202736,
      0.01799523268463248,
      0.018034957317730128,
      0.018061440374891637,
      0.018763242257853686,
      0.018789725283444938,
      0.018776483739079055,
      0.018975106431013446,
      0.019743114741424383,
      0.019637182323356806,
      0.025145657044851173
    ],
    "outlier_delta": [
      0.0,
      0.0,
      0.0,
      0.0,
      0.0,
      0.0,
      0.0,
      0.00031779661490503,
      0.00045021187111545923,
      0.0,
      -1.3241525621042919e-05,
      1.3241525621042919e-05,
      0.0,
      0.0,
      0.0,
      0.0,
      0.0,
      0.0,
      0.0014433263420222044,
      0.00010593221286090754,
      0.015770656454290058,
      -9.269077899092334e-05,
      -3.157025676662639e-11,
      3.972463309764862e-05,
      2.648305716150898e-05,
      0.000701801882962049,
      2.6483025591252215e-05,
      -1.3241544365882874e-05,
      0.00019862269193439162,
      0.000768008310410936,
      -0.00010593241806757652,
      0.005508474721494368
    ],
    "amp_ratio": [
      0.8779150873927747,
      0.938316472506119,
      0.9730700759564416,
      0.9685225658497568,
      0.9770488375324314,
      1.0067908006199335,
      0.9840647830801496,
      0.9984397857876147,
      0.9833066665520103,
      0.9867473466921661,
      1.0004689228736747,
      0.9962734135530763,
      0.9887149434978679,
      0.9856218190516456,
      0.9849681854248047,
      1.006948555930186,
      0.9966538457547204,
      0.9957718101598448,
      1.0065153534129514,
      1.0211968543165821,
      2.100442926762468,
      0.993301338058407,
      0.9947903762429448,
      0.9930005821131044,
      1.000069087844784,
      0.9981334734771211,
      0.9965316956326112,
      1.0006152058051805,
      1.026494460590815,
      1.0331420595363034,
      1.0628526230989876,
      1.3405979689905199
    ]
  },
  "en_us": {
    "cos_sim": [
      0.6085556935180317,
      0.9718085825443268,
      0.9854611483487216,
      0.9780655205249786,
      0.9926405630328439,
      0.9949373602867126,
      0.995459648695859,
      0.9982797774401578,
      0.998093615878712,
      0.9986534335396506,
      0.998050407929854,
      0.9985091604969718,
      0.9984312030402097,
      0.9983968490904028,
      0.9978076355023817,
      0.997778288342736,
      0.9985812387683175,
      0.9984406991438433,
      0.9979654956947673,
      0.9972399879585613,
      0.9920093606818806,
      0.9977251806042411,
      0.9976236657662825,
      0.9974681409922513,
      0.9974851066415961,
      0.9975074881857092,
      0.997359343550422,
      0.9964947646314447,
      0.9941293407570232,
      0.9944021024487235,
      0.9902095361189409,
      0.9708802212368358
    ],
    "mse": [
      0.40914603661407123,
      0.014487186065790329,
      0.007343673231926831,
      0.010774469214745543,
      0.003569307514805008,
      0.002429308697835288,
      0.002159484122371809,
      0.0008649260377172719,
      0.0009962934180459176,
      0.0006649405325085602,
      0.0009723572425586594,
      0.000735139381669631,
      0.0007654831173237075,
      0.0008056849553461441,
      0.0010679028028706935,
      0.0011027442471293564,
      0.0007101404983338646,
      0.0007703896527263252,
      0.0009877034833400764,
      0.0012501499467444692,
      0.7987919531085275,
      0.0010114409590393982,
      0.001068808582865379,
      0.00111262098653242,
      0.0011139692717485807,
      0.0011200378490188582,
      0.0011635538804429498,
      0.001506296060556038,
      0.0026527766286480155,
      0.0026574095351282845,
      0.004800608296963302,
      0.021223642440004784
    ],
    "outlier_frac": [
      0.0,
      0.0,
      0.0,
      0.0,
      0.0,
      0.0,
      0.0,
      0.00014204545666209677,
      0.0007812500116415322,
      0.0007812500116415322,
      0.0006392045549794354,
      0.0007457386474760079,
      0.0007812500116415322,
      0.0007812500116415322,
      0.0007812500116415322,
      0.0007812500116415322,
      0.0007812500116415322,
      0.0007812500116415322,
      0.002024147791830315,
      0.0022017046258869495,
      0.01796874962747097,
      0.01796874962747097,
      0.01796874962747097,
      0.01796874962747097,
      0.01796874962747097,
      0.018607955087314953,
      0.01875000074505806,
      0.01875000074505806,
      0.01875000074505806,
      0.019495738670229912,
      0.01953125,
      0.024502841671082107
    ],
    "outlier_delta": [
      0.0,
      0.0,
      0.0,
      0.0,
      0.0,
      0.0,
      0.0,
      0.00014204545666209677,
      0.0006392045549794354,
      0.0,
      -0.00014204545666209677,
      0.00010653409249657257,
      3.551136416552419e-05,
      0.0,
      0.0,
      0.0,
      0.0,
      0.0,
      0.0012428977801887827,
      0.00017755683405663478,
      0.01576704500158402,
      0.0,
      0.0,
      0.0,
      0.0,
      0.0006392054598439823,
      0.0001420456577431072,
      0.0,
      0.0,
      0.0007457379251718521,
      3.5511329770088196e-05,
      0.004971591671082107
    ],